{
  "description": "Sticky Aspect",
  "supported_items": "#minecraft:enchantable/sword",
  "weight": 2,
  "max_level": 2,
  "min_cost": {
    "base": 2,
    "per_level_above_first": 2
  },
  "max_cost": {
    "base": 2,
    "per_level_above_first": 2
  },
  "anvil_cost": 2,
  "slots": [
    "any"
  ],
  "effects": {
    "minecraft:post_attack": [
      {
        "effect": {
          "type": "minecraft:replace_block",
          "block_state": {
            "type": "minecraft:simple_state_provider",
            "state": {
              "Name": "minecraft:honey_block"
            }
          }
        },
        "enchanted": "attacker",
        "affected": "victim"
      }
    ]
  }
}