{
  "description": "Withering Aspect",
  "supported_items": "#minecraft:enchantable/sword",
  "weight": 2,
  "max_level": 2,
  "min_cost": {
    "base": 2,
    "per_level_above_first": 2
  },
  "max_cost": {
    "base": 2,
    "per_level_above_first": 2
  },
  "anvil_cost": 2,
  "slots": [],
  "effects": {
    "minecraft:post_attack": [
      {
        "effect": {
          "type": "minecraft:apply_mob_effect",
          "to_apply": "minecraft:wither",
          "min_duration": 5,
          "max_duration": 60,
          "min_amplifier": 1,
          "max_amplifier": 1
        },
        "enchanted": "attacker",
        "affected": "victim"
      }
    ]
  }
}